what,kind,bundleId,bundleVersion,description,time
activated,perspective,org.eclipse.cdt.ui,,"org.eclipse.cdt.ui.CPerspective",1350493216518
started,bundle,org.eclipse.osgi,3.7.0.v20110613,"org.eclipse.osgi",1350493216520
started,bundle,org.eclipse.equinox.simpleconfigurator,1.0.200.v20110502-1955,"org.eclipse.equinox.simpleconfigurator",1350493216521
started,bundle,com.ibm.icu,4.4.2.v20110208,"com.ibm.icu",1350493216542
started,bundle,org.eclipse.cdt.codan.checkers,1.0.0.201106081058,"org.eclipse.cdt.codan.checkers",1350493216543
started,bundle,org.eclipse.cdt.codan.core,2.0.0.201106081058,"org.eclipse.cdt.codan.core",1350493216543
started,bundle,org.eclipse.cdt.codan.core.cxx,1.0.0.201106081058,"org.eclipse.cdt.codan.core.cxx",1350493216552
started,bundle,org.eclipse.cdt.codan.ui,2.0.0.201106081058,"org.eclipse.cdt.codan.ui",1350493216552
started,bundle,org.eclipse.cdt.codan.ui.cxx,2.0.0.201106081058,"org.eclipse.cdt.codan.ui.cxx",1350493216552
started,bundle,org.eclipse.cdt.core,5.3.0.201106081058,"org.eclipse.cdt.core",1350493216552
started,bundle,org.eclipse.cdt.make.core,7.1.0.201106081058,"org.eclipse.cdt.make.core",1350493216552
started,bundle,org.eclipse.cdt.make.ui,7.1.0.201106081058,"org.eclipse.cdt.make.ui",1350493216553
started,bundle,org.eclipse.cdt.managedbuilder.core,8.0.0.201106081058,"org.eclipse.cdt.managedbuilder.core",1350493216553
started,bundle,org.eclipse.cdt.msw.build,1.0.0.201106081058,"org.eclipse.cdt.msw.build",1350493216553
started,bundle,org.eclipse.cdt.ui,5.3.0.201106081058,"org.eclipse.cdt.ui",1350493216553
started,bundle,org.eclipse.compare.core,3.5.200.I20110208-0800,"org.eclipse.compare.core",1350493216572
started,bundle,org.eclipse.core.contenttype,3.4.100.v20110423-0524,"org.eclipse.core.contenttype",1350493216572
started,bundle,org.eclipse.core.databinding.observable,1.4.0.I20110222-0800,"org.eclipse.core.databinding.observable",1350493216591
started,bundle,org.eclipse.core.expressions,3.4.300.v20110228,"org.eclipse.core.expressions",1350493216592
started,bundle,org.eclipse.core.filebuffers,3.5.200.v20110505-0800,"org.eclipse.core.filebuffers",1350493216592
started,bundle,org.eclipse.core.filesystem,1.3.100.v20110423-0524,"org.eclipse.core.filesystem",1350493216592
started,bundle,org.eclipse.core.jobs,3.5.100.v20110404,"org.eclipse.core.jobs",1350493216593
started,bundle,org.eclipse.core.net,1.2.100.I20110511-0800,"org.eclipse.core.net",1350493216593
started,bundle,org.eclipse.core.resources,3.7.100.v20110510-0712,"org.eclipse.core.resources",1350493216593
started,bundle,org.eclipse.core.runtime,3.7.0.v20110110,"org.eclipse.core.runtime",1350493216593
started,bundle,org.eclipse.core.runtime.compatibility,3.2.100.v20100505,"org.eclipse.core.runtime.compatibility",1350493216602
started,bundle,org.eclipse.core.runtime.compatibility.auth,3.2.200.v20110110,"org.eclipse.core.runtime.compatibility.auth",1350493216602
started,bundle,org.eclipse.core.variables,3.2.500.v20110511,"org.eclipse.core.variables",1350493216603
started,bundle,org.eclipse.debug.core,3.7.0.v20110518,"org.eclipse.debug.core",1350493216603
started,bundle,org.eclipse.egit.core,1.0.0.201106090707-r,"org.eclipse.egit.core",1350493216603
started,bundle,org.eclipse.egit.ui,1.0.0.201106090707-r,"org.eclipse.egit.ui",1350493216603
started,bundle,org.eclipse.epp.mpc.ui,1.1.0.I20110525-0742,"org.eclipse.epp.mpc.ui",1350493216603
started,bundle,org.eclipse.epp.usagedata.gathering,1.3.1.R201106061540,"org.eclipse.epp.usagedata.gathering",1350493216603
started,bundle,org.eclipse.epp.usagedata.recording,1.3.1.R201106061540,"org.eclipse.epp.usagedata.recording",1350493216603
started,bundle,org.eclipse.equinox.app,1.3.100.v20110321,"org.eclipse.equinox.app",1350493216603
started,bundle,org.eclipse.equinox.common,3.6.0.v20110523,"org.eclipse.equinox.common",1350493216604
started,bundle,org.eclipse.equinox.ds,1.3.0.v20110502,"org.eclipse.equinox.ds",1350493216605
started,bundle,org.eclipse.equinox.event,1.2.100.v20110502,"org.eclipse.equinox.event",1350493216605
started,bundle,org.eclipse.equinox.p2.artifact.repository,1.1.100.v20110519,"org.eclipse.equinox.p2.artifact.repository",1350493216605
started,bundle,org.eclipse.equinox.p2.core,2.1.0.v20110502-1955,"org.eclipse.equinox.p2.core",1350493216606
started,bundle,org.eclipse.equinox.p2.director,2.1.0.v20110504-1715,"org.eclipse.equinox.p2.director",1350493216620
started,bundle,org.eclipse.equinox.p2.directorywatcher,1.0.300.v20110502-1955,"org.eclipse.equinox.p2.directorywatcher",1350493216621
started,bundle,org.eclipse.equinox.p2.engine,2.1.0.v20110511,"org.eclipse.equinox.p2.engine",1350493216621
started,bundle,org.eclipse.equinox.p2.extensionlocation,1.2.100.v20110510,"org.eclipse.equinox.p2.extensionlocation",1350493216621
started,bundle,org.eclipse.equinox.p2.garbagecollector,1.0.200.v20110510,"org.eclipse.equinox.p2.garbagecollector",1350493216621
started,bundle,org.eclipse.equinox.p2.metadata,2.1.0.v20110510,"org.eclipse.equinox.p2.metadata",1350493216622
started,bundle,org.eclipse.equinox.p2.metadata.repository,1.2.0.v20110511-1359,"org.eclipse.equinox.p2.metadata.repository",1350493216622
started,bundle,org.eclipse.equinox.p2.operations,2.1.0.v20110511-1821,"org.eclipse.equinox.p2.operations",1350493216639
started,bundle,org.eclipse.equinox.p2.publisher,1.2.0.v20110511,"org.eclipse.equinox.p2.publisher",1350493216650
started,bundle,org.eclipse.equinox.p2.reconciler.dropins,1.1.100.v20110510,"org.eclipse.equinox.p2.reconciler.dropins",1350493216650
started,bundle,org.eclipse.equinox.p2.repository,2.1.0.v20110601,"org.eclipse.equinox.p2.repository",1350493216661
started,bundle,org.eclipse.equinox.p2.touchpoint.eclipse,2.1.0.v20110511,"org.eclipse.equinox.p2.touchpoint.eclipse",1350493216661
started,bundle,org.eclipse.equinox.p2.ui.sdk.scheduler,1.0.100.v20110502-1955,"org.eclipse.equinox.p2.ui.sdk.scheduler",1350493216661
started,bundle,org.eclipse.equinox.p2.updatechecker,1.1.200.v20110502-1955,"org.eclipse.equinox.p2.updatechecker",1350493216673
started,bundle,org.eclipse.equinox.preferences,3.4.0.v20110502,"org.eclipse.equinox.preferences",1350493216673
started,bundle,org.eclipse.equinox.registry,3.5.100.v20110502,"org.eclipse.equinox.registry",1350493216673
started,bundle,org.eclipse.equinox.security,1.1.0.v20110502,"org.eclipse.equinox.security",1350493216673
started,bundle,org.eclipse.equinox.util,1.0.300.v20110502,"org.eclipse.equinox.util",1350493216674
started,bundle,org.eclipse.help,3.5.100.v20110426,"org.eclipse.help",1350493216674
started,bundle,org.eclipse.jface,3.7.0.I20110522-1430,"org.eclipse.jface",1350493216675
started,bundle,org.eclipse.jgit,1.0.0.201106090707-r,"org.eclipse.jgit",1350493216675
started,bundle,org.eclipse.jsch.core,1.1.300.I20110514-0800,"org.eclipse.jsch.core",1350493216675
started,bundle,org.eclipse.linuxtools.cdt.autotools.core,1.0.1.201106060936,"org.eclipse.linuxtools.cdt.autotools.core",1350493216675
started,bundle,org.eclipse.ltk.core.refactoring,3.5.200.v20110505-0800,"org.eclipse.ltk.core.refactoring",1350493216675
started,bundle,org.eclipse.ltk.ui.refactoring,3.6.0.v20110505-0800,"org.eclipse.ltk.ui.refactoring",1350493216675
started,bundle,org.eclipse.mylyn.bugzilla.core,3.6.0.v20110608-1400,"org.eclipse.mylyn.bugzilla.core",1350493216675
started,bundle,org.eclipse.mylyn.bugzilla.ui,3.6.0.v20110608-1400,"org.eclipse.mylyn.bugzilla.ui",1350493216675
started,bundle,org.eclipse.mylyn.commons.identity,0.8.0.v20110608-1400,"org.eclipse.mylyn.commons.identity",1350493216676
started,bundle,org.eclipse.mylyn.commons.net,3.6.0.v20110608-1400,"org.eclipse.mylyn.commons.net",1350493216676
started,bundle,org.eclipse.mylyn.commons.ui,3.6.0.v20110608-1400,"org.eclipse.mylyn.commons.ui",1350493216691
started,bundle,org.eclipse.mylyn.context.core,3.6.0.v20110608-1400,"org.eclipse.mylyn.context.core",1350493216691
started,bundle,org.eclipse.mylyn.context.ui,3.6.0.v20110608-1400,"org.eclipse.mylyn.context.ui",1350493216691
started,bundle,org.eclipse.mylyn.monitor.ui,3.6.0.v20110608-1400,"org.eclipse.mylyn.monitor.ui",1350493216692
started,bundle,org.eclipse.mylyn.tasks.ui,3.6.0.v20110608-1400,"org.eclipse.mylyn.tasks.ui",1350493216692
started,bundle,org.eclipse.mylyn.team.ui,3.6.0.v20110608-1400,"org.eclipse.mylyn.team.ui",1350493216692
started,bundle,org.eclipse.search,3.7.0.v20110505-0800,"org.eclipse.search",1350493216692
started,bundle,org.eclipse.team.core,3.6.0.I20110525-0800,"org.eclipse.team.core",1350493216692
started,bundle,org.eclipse.team.cvs.core,3.3.400.I20110510-0800,"org.eclipse.team.cvs.core",1350493216692
started,bundle,org.eclipse.team.cvs.ui,3.3.400.I20110510-0800,"org.eclipse.team.cvs.ui",1350493216692
started,bundle,org.eclipse.team.ui,3.6.100.I20110525-0800,"org.eclipse.team.ui",1350493216692
started,bundle,org.eclipse.ui,3.7.0.I20110602-0100,"org.eclipse.ui",1350493216692
started,bundle,org.eclipse.ui.console,3.5.100.v20110511,"org.eclipse.ui.console",1350493216692
started,bundle,org.eclipse.ui.editors,3.7.0.v20110517-0800,"org.eclipse.ui.editors",1350493216692
started,bundle,org.eclipse.ui.forms,3.5.100.v20110425,"org.eclipse.ui.forms",1350493216693
started,bundle,org.eclipse.ui.ide,3.7.0.I20110519-0100,"org.eclipse.ui.ide",1350493216693
started,bundle,org.eclipse.ui.navigator,3.5.100.I20110524-0800,"org.eclipse.ui.navigator",1350493216694
started,bundle,org.eclipse.ui.navigator.resources,3.4.300.I20110421-1800,"org.eclipse.ui.navigator.resources",1350493216694
started,bundle,org.eclipse.ui.net,1.2.100.I20110511-0800,"org.eclipse.ui.net",1350493216694
started,bundle,org.eclipse.ui.views,3.6.0.I20110412-0800,"org.eclipse.ui.views",1350493216694
started,bundle,org.eclipse.ui.workbench,3.7.0.I20110519-0100,"org.eclipse.ui.workbench",1350493216694
started,bundle,org.eclipse.ui.workbench.texteditor,3.7.0.v20110505-0800,"org.eclipse.ui.workbench.texteditor",1350493216694
started,bundle,org.eclipse.update.configurator,3.3.100.v20100512,"org.eclipse.update.configurator",1350493216694
started,bundle,org.eclipse.update.core,3.2.500.v20110330,"org.eclipse.update.core",1350493216695
started,bundle,org.eclipse.update.scheduler,3.2.300.v20100512,"org.eclipse.update.scheduler",1350493216695
os,sysinfo,,,"macosx",1350493216698
arch,sysinfo,,,"x86_64",1350493216698
ws,sysinfo,,,"cocoa",1350493216698
locale,sysinfo,,,"en_US",1350493216698
processors,sysinfo,,,"2",1350493216698
java.runtime.name,sysinfo,,,"Java(TM) SE Runtime Environment",1350493216698
java.runtime.version,sysinfo,,,"1.6.0_35-b10-428-11M3811",1350493216698
java.specification.name,sysinfo,,,"Java Platform API Specification",1350493216698
java.specification.vendor,sysinfo,,,"Sun Microsystems Inc.",1350493216698
java.specification.version,sysinfo,,,"1.6",1350493216698
java.vendor,sysinfo,,,"Apple Inc.",1350493216698
java.version,sysinfo,,,"1.6.0_35",1350493216698
java.vm.info,sysinfo,,,"mixed mode",1350493216698
java.vm.name,sysinfo,,,"Java HotSpot(TM) 64-Bit Server VM",1350493216698
java.vm.specification.name,sysinfo,,,"Java Virtual Machine Specification",1350493216698
java.vm.specification.vendor,sysinfo,,,"Sun Microsystems Inc.",1350493216698
java.vm.specification.version,sysinfo,,,"1.0",1350493216698
java.vm.vendor,sysinfo,,,"Apple Inc.",1350493216698
java.vm.version,sysinfo,,,"20.10-b01-428",1350493216698
opened,view,org.eclipse.ui.ide,3.7.0.I20110519-0100,"org.eclipse.ui.views.ProblemView",1350493216971
started,bundle,org.eclipse.epp.usagedata.ui,1.3.1.R201106061540,"org.eclipse.epp.usagedata.ui",1350493217767
activated,workbench,org.eclipse.ui.workbench,3.7.0.I20110519-0100,"",1350493249900
activated,editor,org.eclipse.cdt.ui,5.3.0.201106081058,"org.eclipse.cdt.ui.editor.CEditor",1350493249904
started,bundle,org.eclipse.equinox.p2.ui.sdk,1.0.200.v20110502-1955,"org.eclipse.equinox.p2.ui.sdk",1350493256597
started,bundle,org.eclipse.equinox.p2.ui,2.1.0.v20110601,"org.eclipse.equinox.p2.ui",1350493256614
executed,command,org.eclipse.equinox.p2.ui.sdk,1.0.200.v20110502-1955,"org.eclipse.equinox.p2.ui.sdk.update",1350493256666
started,bundle,org.eclipse.equinox.p2.transport.ecf,1.0.0.v20110510,"org.eclipse.equinox.p2.transport.ecf",1350493256677
started,bundle,org.eclipse.ecf.filetransfer,5.0.0.v20110531-2218,"org.eclipse.ecf.filetransfer",1350493256719
started,bundle,org.eclipse.ecf.identity,3.1.100.v20110531-2218,"org.eclipse.ecf.identity",1350493256738
started,bundle,org.eclipse.ecf,3.1.300.v20110531-2218,"org.eclipse.ecf",1350493256825
started,bundle,org.eclipse.ecf.provider.filetransfer.httpclient,4.0.0.v20110531-2218,"org.eclipse.ecf.provider.filetransfer.httpclient",1350493256856
started,bundle,org.eclipse.ecf.provider.filetransfer,3.2.0.v20110531-2218,"org.eclipse.ecf.provider.filetransfer",1350493256859
deactivated,workbench,org.eclipse.ui.workbench,3.7.0.I20110519-0100,"",1350493257056
activated,workbench,org.eclipse.ui.workbench,3.7.0.I20110519-0100,"",1350493332129
deactivated,workbench,org.eclipse.ui.workbench,3.7.0.I20110519-0100,"",1350493337242
started,bundle,org.eclipse.equinox.p2.updatesite,1.0.300.v20110510,"org.eclipse.equinox.p2.updatesite",1350493344336
started,bundle,org.eclipse.equinox.frameworkadmin,2.0.0.v20110502-1955,"org.eclipse.equinox.frameworkadmin",1350493348542
started,bundle,org.eclipse.equinox.simpleconfigurator.manipulator,2.0.0.v20110502-1955,"org.eclipse.equinox.simpleconfigurator.manipulator",1350493348562
started,bundle,org.eclipse.equinox.p2.touchpoint.natives,1.0.300.v20110502-1955,"org.eclipse.equinox.p2.touchpoint.natives",1350493348811
activated,workbench,org.eclipse.ui.workbench,3.7.0.I20110519-0100,"",1350666437849
deactivated,workbench,org.eclipse.ui.workbench,3.7.0.I20110519-0100,"",1350666438432
started,bundle,org.eclipse.equinox.frameworkadmin.equinox,1.0.300.v20110506,"org.eclipse.equinox.frameworkadmin.equinox",1350666517875
activated,workbench,org.eclipse.ui.workbench,3.7.0.I20110519-0100,"",1350666606576
started,bundle,org.eclipse.cdt.mylyn.ui,3.6.0.v20110608-1400,"org.eclipse.cdt.mylyn.ui",1350666606995
closed,workbench,org.eclipse.ui.workbench,3.7.0.I20110519-0100,"",1350666607228
started,bundle,org.eclipse.compare,3.5.200.I20110525-0800,"org.eclipse.compare",1350666608074
stopped,bundle,org.eclipse.cdt.build.crossgcc,1.0.0.201106081058,"org.eclipse.cdt.build.crossgcc",1350666608988
stopped,bundle,org.eclipse.cdt.codan.checkers,1.0.0.201106081058,"org.eclipse.cdt.codan.checkers",1350666608989
stopped,bundle,org.eclipse.cdt.codan.checkers.ui,1.0.0.201106081058,"org.eclipse.cdt.codan.checkers.ui",1350666608989
stopped,bundle,org.eclipse.cdt.codan.ui.cxx,2.0.0.201106081058,"org.eclipse.cdt.codan.ui.cxx",1350666608990
stopped,bundle,org.eclipse.cdt.codan.core.cxx,1.0.0.201106081058,"org.eclipse.cdt.codan.core.cxx",1350666608990
stopped,bundle,org.eclipse.cdt.launch.remote,2.3.0.201106081058,"org.eclipse.cdt.launch.remote",1350666608991
stopped,bundle,org.eclipse.cdt.debug.mi.ui,6.1.0.201106081058,"org.eclipse.cdt.debug.mi.ui",1350666608992
stopped,bundle,org.eclipse.cdt.debug.mi.core,7.1.0.201106081058,"org.eclipse.cdt.debug.mi.core",1350666608993
stopped,bundle,org.eclipse.cdt.debug.ui.memory.memorybrowser,1.2.100.201106081058,"org.eclipse.cdt.debug.ui.memory.memorybrowser",1350666608993
stopped,bundle,org.eclipse.cdt.debug.ui.memory.search,1.2.0.201106081058,"org.eclipse.cdt.debug.ui.memory.search",1350666608993
stopped,bundle,org.eclipse.cdt.dsf.gdb.ui,2.2.0.201106081058,"org.eclipse.cdt.dsf.gdb.ui",1350666608994
stopped,bundle,org.eclipse.cdt.dsf.ui,2.2.0.201106081058,"org.eclipse.cdt.dsf.ui",1350666608994
stopped,bundle,org.eclipse.cdt.gdb.ui,7.0.0.201106081058,"org.eclipse.cdt.gdb.ui",1350666608995
stopped,bundle,org.eclipse.cdt.dsf.gdb,4.0.0.201106081058,"org.eclipse.cdt.dsf.gdb",1350666608995
stopped,bundle,org.eclipse.cdt.launch,7.0.0.201106081058,"org.eclipse.cdt.launch",1350666608995
stopped,bundle,org.eclipse.cdt.debug.ui,7.1.0.201106081058,"org.eclipse.cdt.debug.ui",1350666608995
stopped,bundle,org.eclipse.cdt.debug.ui.memory.traditional,1.2.0.201106081058,"org.eclipse.cdt.debug.ui.memory.traditional",1350666608995
stopped,bundle,org.eclipse.cdt.dsf,2.2.0.201106081058,"org.eclipse.cdt.dsf",1350666608995
stopped,bundle,org.eclipse.cdt.debug.core,7.1.0.201106081058,"org.eclipse.cdt.debug.core",1350666608995
stopped,bundle,org.eclipse.linuxtools.cdt.autotools.ui,1.0.1.201106060936,"org.eclipse.linuxtools.cdt.autotools.ui",1350666608996
stopped,bundle,org.eclipse.linuxtools.cdt.autotools.core,1.0.1.201106060936,"org.eclipse.linuxtools.cdt.autotools.core",1350666608996
stopped,bundle,org.eclipse.cdt.managedbuilder.ui,8.0.0.201106081058,"org.eclipse.cdt.managedbuilder.ui",1350666608996
stopped,bundle,org.eclipse.cdt.make.ui,7.1.0.201106081058,"org.eclipse.cdt.make.ui",1350666608996
stopped,bundle,org.eclipse.cdt.managedbuilder.gnu.ui,8.0.0.201106081058,"org.eclipse.cdt.managedbuilder.gnu.ui",1350666608996
stopped,bundle,org.eclipse.cdt.msw.build,1.0.0.201106081058,"org.eclipse.cdt.msw.build",1350666608996
stopped,bundle,org.eclipse.cdt.managedbuilder.core,8.0.0.201106081058,"org.eclipse.cdt.managedbuilder.core",1350666608998
stopped,bundle,org.eclipse.cdt.make.core,7.1.0.201106081058,"org.eclipse.cdt.make.core",1350666608998
stopped,bundle,org.eclipse.cdt.mylyn.ui,3.6.0.v20110608-1400,"org.eclipse.cdt.mylyn.ui",1350666608999
stopped,bundle,org.eclipse.cdt.codan.ui,2.0.0.201106081058,"org.eclipse.cdt.codan.ui",1350666609000
stopped,bundle,org.eclipse.cdt.ui,5.3.0.201106081058,"org.eclipse.cdt.ui",1350666609068
stopped,bundle,org.eclipse.cdt.core,5.3.0.201106081058,"org.eclipse.cdt.core",1350666609107
stopped,bundle,org.eclipse.egit.ui,1.0.0.201106090707-r,"org.eclipse.egit.ui",1350666609111
stopped,bundle,org.eclipse.equinox.p2.ui.sdk,1.0.200.v20110502-1955,"org.eclipse.equinox.p2.ui.sdk",1350666609111
stopped,bundle,org.eclipse.rse.importexport,1.2.200.v201105021534,"org.eclipse.rse.importexport",1350666609111
stopped,bundle,org.eclipse.rse.subsystems.shells.telnet,1.2.200.v201101042155,"org.eclipse.rse.subsystems.shells.telnet",1350666609111
stopped,bundle,org.eclipse.rse.shells.ui,3.0.300.v201103141607,"org.eclipse.rse.shells.ui",1350666609111
stopped,bundle,org.eclipse.rse.files.ui,3.2.0.v201105021534,"org.eclipse.rse.files.ui",1350666609112
stopped,bundle,org.eclipse.rse.processes.ui,3.0.300.v201101042155,"org.eclipse.rse.processes.ui",1350666609112
activated,perspective,org.eclipse.cdt.ui,,"org.eclipse.cdt.ui.CPerspective",1350672441438
started,bundle,org.eclipse.osgi,3.7.2.v20120110-1415,"org.eclipse.osgi",1350672441440
started,bundle,org.eclipse.compare.core,3.5.200.I20110208-0800,"org.eclipse.compare.core",1350672441440
started,bundle,org.eclipse.core.contenttype,3.4.100.v20110423-0524,"org.eclipse.core.contenttype",1350672441440
started,bundle,org.eclipse.core.databinding.observable,1.4.0.I20110222-0800,"org.eclipse.core.databinding.observable",1350672441468
started,bundle,org.eclipse.core.expressions,3.4.300.v20110228,"org.eclipse.core.expressions",1350672441469
started,bundle,org.eclipse.core.filesystem,1.3.100.v20110423-0524,"org.eclipse.core.filesystem",1350672441469
started,bundle,org.eclipse.core.net,1.2.100.I20110511-0800,"org.eclipse.core.net",1350672441469
started,bundle,org.eclipse.core.runtime,3.7.0.v20110110,"org.eclipse.core.runtime",1350672441469
started,bundle,org.eclipse.core.runtime.compatibility,3.2.100.v20100505,"org.eclipse.core.runtime.compatibility",1350672441471
started,bundle,org.eclipse.core.runtime.compatibility.auth,3.2.200.v20110110,"org.eclipse.core.runtime.compatibility.auth",1350672441471
started,bundle,org.eclipse.ecf.filetransfer,5.0.0.v20110531-2218,"org.eclipse.ecf.filetransfer",1350672441471
started,bundle,org.eclipse.epp.usagedata.gathering,1.3.1.R201106061540,"org.eclipse.epp.usagedata.gathering",1350672441472
started,bundle,org.eclipse.epp.usagedata.recording,1.3.1.R201106061540,"org.eclipse.epp.usagedata.recording",1350672441472
started,bundle,org.eclipse.equinox.app,1.3.100.v20110321,"org.eclipse.equinox.app",1350672441472
started,bundle,org.eclipse.equinox.common,3.6.0.v20110523,"org.eclipse.equinox.common",1350672441472
started,bundle,org.eclipse.equinox.event,1.2.100.v20110502,"org.eclipse.equinox.event",1350672441473
started,bundle,org.eclipse.equinox.util,1.0.300.v20110502,"org.eclipse.equinox.util",1350672441473
started,bundle,org.eclipse.help,3.5.100.v20110426,"org.eclipse.help",1350672441473
started,bundle,org.eclipse.jsch.core,1.1.300.I20110514-0800,"org.eclipse.jsch.core",1350672441474
started,bundle,org.eclipse.mylyn.bugzilla.ui,3.6.0.v20110608-1400,"org.eclipse.mylyn.bugzilla.ui",1350672441474
started,bundle,org.eclipse.mylyn.commons.identity,0.8.0.v20110608-1400,"org.eclipse.mylyn.commons.identity",1350672441474
started,bundle,org.eclipse.mylyn.commons.net,3.6.0.v20110608-1400,"org.eclipse.mylyn.commons.net",1350672441474
started,bundle,org.eclipse.mylyn.monitor.ui,3.6.0.v20110608-1400,"org.eclipse.mylyn.monitor.ui",1350672441474
started,bundle,org.eclipse.team.core,3.6.0.I20110525-0800,"org.eclipse.team.core",1350672441474
started,bundle,org.eclipse.team.cvs.core,3.3.400.I20110510-0800,"org.eclipse.team.cvs.core",1350672441474
started,bundle,org.eclipse.update.configurator,3.3.100.v20100512,"org.eclipse.update.configurator",1350672441475
started,bundle,org.eclipse.update.core,3.2.500.v20110330,"org.eclipse.update.core",1350672441475
started,bundle,org.eclipse.update.scheduler,3.2.300.v20100512,"org.eclipse.update.scheduler",1350672441475
started,bundle,org.eclipse.equinox.simpleconfigurator,1.0.200.v20110815-1438,"org.eclipse.equinox.simpleconfigurator",1350672441504
started,bundle,com.ibm.icu,4.4.2.v20110823,"com.ibm.icu",1350672441505
started,bundle,org.eclipse.cdt.codan.checkers,1.0.1.201202111925,"org.eclipse.cdt.codan.checkers",1350672441505
started,bundle,org.eclipse.cdt.codan.core,2.0.0.201202111925,"org.eclipse.cdt.codan.core",1350672441505
started,bundle,org.eclipse.cdt.codan.core.cxx,1.0.0.201202111925,"org.eclipse.cdt.codan.core.cxx",1350672441505
started,bundle,org.eclipse.cdt.codan.ui.cxx,2.0.0.201202111925,"org.eclipse.cdt.codan.ui.cxx",1350672441505
started,bundle,org.eclipse.cdt.core,5.3.2.201202111925,"org.eclipse.cdt.core",1350672441505
started,bundle,org.eclipse.cdt.make.core,7.1.2.201202111925,"org.eclipse.cdt.make.core",1350672441505
started,bundle,org.eclipse.cdt.make.ui,7.1.2.201202111925,"org.eclipse.cdt.make.ui",1350672441505
started,bundle,org.eclipse.cdt.managedbuilder.core,8.0.2.201202111925,"org.eclipse.cdt.managedbuilder.core",1350672441505
started,bundle,org.eclipse.cdt.msw.build,1.0.0.201202111925,"org.eclipse.cdt.msw.build",1350672441505
started,bundle,org.eclipse.cdt.ui,5.3.2.201202111925,"org.eclipse.cdt.ui",1350672441505
started,bundle,org.eclipse.core.filebuffers,3.5.200.v20110928-1504,"org.eclipse.core.filebuffers",1350672441505
started,bundle,org.eclipse.core.jobs,3.5.101.v20120113-1953,"org.eclipse.core.jobs",1350672441505
started,bundle,org.eclipse.core.resources,3.7.101.v20120125-1505,"org.eclipse.core.resources",1350672441506
started,bundle,org.eclipse.core.variables,3.2.500.v20110928-1503,"org.eclipse.core.variables",1350672441506
started,bundle,org.eclipse.debug.core,3.7.1.v20111129-2031,"org.eclipse.debug.core",1350672441506
started,bundle,org.eclipse.egit.core,1.3.0.201202151440-r,"org.eclipse.egit.core",1350672441506
started,bundle,org.eclipse.egit.ui,1.3.0.201202151440-r,"org.eclipse.egit.ui",1350672441506
started,bundle,org.eclipse.epp.mpc.ui,1.1.1.I20110907-0947,"org.eclipse.epp.mpc.ui",1350672441506
started,bundle,org.eclipse.equinox.ds,1.3.1.R37x_v20110701,"org.eclipse.equinox.ds",1350672441506
started,bundle,org.eclipse.equinox.p2.artifact.repository,1.1.101.v20110815-1419,"org.eclipse.equinox.p2.artifact.repository",1350672441506
started,bundle,org.eclipse.equinox.p2.core,2.1.1.v20120113-1346,"org.eclipse.equinox.p2.core",1350672441507
started,bundle,org.eclipse.equinox.p2.director,2.1.1.v20111126-0211,"org.eclipse.equinox.p2.director",1350672441507
started,bundle,org.eclipse.equinox.p2.directorywatcher,1.0.300.v20110815-1419,"org.eclipse.equinox.p2.directorywatcher",1350672441507
started,bundle,org.eclipse.equinox.p2.engine,2.1.1.R37x_v20111003,"org.eclipse.equinox.p2.engine",1350672441507
started,bundle,org.eclipse.equinox.p2.extensionlocation,1.2.100.v20110815-1419,"org.eclipse.equinox.p2.extensionlocation",1350672441507
started,bundle,org.eclipse.equinox.p2.garbagecollector,1.0.200.v20110815-1419,"org.eclipse.equinox.p2.garbagecollector",1350672441507
started,bundle,org.eclipse.equinox.p2.metadata,2.1.0.v20110815-1419,"org.eclipse.equinox.p2.metadata",1350672441508
started,bundle,org.eclipse.equinox.p2.metadata.repository,1.2.0.v20110815-1419,"org.eclipse.equinox.p2.metadata.repository",1350672441508
started,bundle,org.eclipse.equinox.p2.operations,2.1.1.R37x_v20111111,"org.eclipse.equinox.p2.operations",1350672441522
started,bundle,org.eclipse.equinox.p2.publisher,1.2.0.v20110815-1419,"org.eclipse.equinox.p2.publisher",1350672441522
started,bundle,org.eclipse.equinox.p2.reconciler.dropins,1.1.100.v20110815-1419,"org.eclipse.equinox.p2.reconciler.dropins",1350672441522
started,bundle,org.eclipse.equinox.p2.repository,2.1.1.v20120113-1346,"org.eclipse.equinox.p2.repository",1350672441522
started,bundle,org.eclipse.equinox.p2.touchpoint.eclipse,2.1.1.v20110815-1419,"org.eclipse.equinox.p2.touchpoint.eclipse",1350672441522
started,bundle,org.eclipse.equinox.p2.transport.ecf,1.0.0.v20111128-0624,"org.eclipse.equinox.p2.transport.ecf",1350672441523
started,bundle,org.eclipse.equinox.p2.ui.sdk.scheduler,1.0.100.v20110815-1419,"org.eclipse.equinox.p2.ui.sdk.scheduler",1350672441523
started,bundle,org.eclipse.equinox.p2.updatechecker,1.1.200.v20110815-1419,"org.eclipse.equinox.p2.updatechecker",1350672441523
started,bundle,org.eclipse.equinox.p2.updatesite,1.0.300.v20110815-1419,"org.eclipse.equinox.p2.updatesite",1350672441523
started,bundle,org.eclipse.equinox.preferences,3.4.2.v20120111-2020,"org.eclipse.equinox.preferences",1350672441523
started,bundle,org.eclipse.equinox.registry,3.5.101.R37x_v20110810-1611,"org.eclipse.equinox.registry",1350672441523
started,bundle,org.eclipse.equinox.security,1.1.1.R37x_v20110822-1018,"org.eclipse.equinox.security",1350672441523
started,bundle,org.eclipse.jface,3.7.0.v20110928-1505,"org.eclipse.jface",1350672441523
started,bundle,org.eclipse.jgit,1.3.0.201202151440-r,"org.eclipse.jgit",1350672441523
started,bundle,org.eclipse.linuxtools.cdt.autotools.core,1.0.2.201202152032,"org.eclipse.linuxtools.cdt.autotools.core",1350672441523
started,bundle,org.eclipse.ltk.core.refactoring,3.5.201.r372_v20111101-0700,"org.eclipse.ltk.core.refactoring",1350672441523
